date_only,text,word_count,case
2025-02-05,"I want Iran to be a great and successful Country, but one that cannot have a Nuclear Weapon. Reports that the United States, working in conjunction with Israel, is going to blow Iran into smithereens,” ARE GREATLY EXAGGERATED. I would much prefer a Verified Nuclear Peace Agreement, which will let Iran peacefully grow and prosper. We should start working on it immediately, and have a big Middle East Celebration when it is signed and completed. God Bless the Middle East!",80,Iran
2025-02-06,"The Gaza Strip would be turned over to the United States by Israel at the conclusion of fighting. The Palestinians, people like Chuck Schumer, would have already been resettled in far safer and more beautiful communities, with new and modern homes, in the region. They would actually have a chance to be happy, safe, and free. The U.S., working with great development teams from all over the World, would slowly and carefully begin the construction of what would become one of the greatest and most spectacular developments of its kind on Earth. No soldiers by the U.S. would be needed! Stability for the region would reign!!!",106,Gaza/Israel
2025-02-15,"Hamas has just released three Hostages from GAZA, including an American Citizen. They seem to be in good shape! This differs from their statement last week that they would not release any Hostages. Israel will now have to decide what they will do about the 12:00 O’CLOCK, TODAY, DEADLINE imposed on the release of ALL HOSTAGES. The United States will back the decision they make!",65,Gaza/Israel
2025-02-18,"US forces conducted a precision airstrike against a member of al-Qaeda in Syria this weekend. The terrorist leader was working with al-Qaeda across the region. Congratulations to CENTCOM Commander Gen. Michael Kurilla, and the US warfighters who dealt Justice to another Jihadi threatening America and our allies and partners.",49,other
2025-02-24,"Today, President Emmanuel Macron of France joined me in the Oval Office to speak to the G7 Summit. The meeting was convened by Governor Justin Trudeau of Canada, the current chair of G7, to acknowledge the Third Anniversary of the Russia-Ukraine War – Which would have never started if I was President. Everyone expressed their goal of seeing the War end, and I emphasized the importance of the vital “Critical Minerals and Rare-Earths Deal” between the United States and Ukraine, which we hope will be signed very soon! This deal, which is an “Economic Partnership,” will ensure the American people recoup the Tens of Billions of Dollars and Military Equipment sent to Ukraine, while also helping Ukraine’s economy grow as this Brutal and Savage War comes to an end. At the same time, I am in serious discussions with President Vladimir Putin of Russia concerning the ending of the War, and also major Economic Development transactions which will take place between the United States and Russia. Talks are proceeding very well! ",171,Ukraine/Russia
2025-02-28,"I am pleased to nominate Paul Dabbar to be United States Deputy Secretary of Commerce. Paul will work closely with our Great Secretary of Commerce, Howard Lutnick, to bring back American Leadership in Global Commerce, Trade, and Technology. Paul served as my Under Secretary of Energy for Science, where he lead the National Labs that started as the Manhattan Project, helping to drive semiconductors, AI, quantum, Energy Dominance, and our War-fighting capabilities. Previously, Paul was a Nuclear Submarine Officer, and is a graduate of the U.S. Naval Academy and Columbia University. Congratulations Paul! ",93,Iran
2025-03-05,"“Shalom Hamas” means Hello and Goodbye - You can choose. Release all of the Hostages now, not later, and immediately return all of the dead bodies of the people you murdered, or it is OVER for you. Only sick and twisted people keep bodies, and you are sick and twisted! I am sending Israel everything it needs to finish the job, not a single Hamas member will be safe if you don’t do as I say. I have just met with your former Hostages whose lives you have destroyed. This is your last warning! For the leadership, now is the time to leave Gaza, while you still have a chance. Also, to the People of Gaza: A beautiful Future awaits, but not if you hold Hostages. If you do, you are DEAD! Make a SMART decision. RELEASE THE HOSTAGES NOW, OR THERE WILL BE HELL TO PAY LATER! \nDONALD J. TRUMP, PRESIDENT OF THE UNITED STATES OF AMERICA",158,Gaza/Israel
2025-03-10,"Following my previously signed Executive Orders, ICE proudly apprehended and detained Mahmoud Khalil, a Radical Foreign Pro-Hamas Student on the campus of Columbia University. This is the first arrest of many to come. We know there are more students at Columbia and other Universities across the Country who have engaged in pro-terrorist, anti-Semitic, anti-American activity, and the Trump Administration will not tolerate it. Many are not students, they are paid agitators. We will find, apprehend, and deport these terrorist sympathizers from our country — never to return again. If you support terrorism, including the slaughtering of innocent men, women, and children, your presence is contrary to our national and foreign policy interests, and you are not welcome here. We expect every one of America’s Colleges and Universities to comply. Thank you!",131,Gaza/Israel
2025-03-11,"I am pleased to announce that Ambassador Michael George DeSombre will be nominated as the next United States Assistant Secretary of State for East Asia and the Pacific. During my First Term, Michael served as my Ambassador to the Kingdom of Thailand, and did a great job! Michael is a Partner at Sullivan Cromwell, where he heads up the Asia Mergers and Acquisitions, as well as the Korea and Southeast Asia practices. He is a graduate, magna cum laude, of Harvard Law School, and has a Bachelor’s (Quantitative Economics) and Master’s degree (East Asian Studies) from Stanford University, where he did his thesis on Chinese nuclear weapon strategy. I know Michael will work incredibly hard for our Country. Congratulations Michael!",120,Iran
2025-03-15,"Today, I have ordered the United States Military to launch decisive and powerful Military action against the Houthi terrorists in Yemen. They have waged an unrelenting campaign of piracy, violence, and terrorism against American, and other, ships, aircraft, and drones. \nJoe Biden’s response was pathetically weak, so the unrestrained Houthis just kept going. It has been over a year since a U.S. flagged commercial ship safely sailed through the Suez Canal, the Red Sea, or the Gulf of Aden. The last American Warship to go through the Red Sea, four months ago, was attacked by the Houthis over a dozen times. Funded by Iran, the Houthi thugs have fired missiles at U.S. aircraft, and targeted our Troops and Allies. These relentless assaults have cost the U.S. and World Economy many BILLIONS of Dollars while, at the same time, putting innocent lives at risk. \nThe Houthi attack on American vessels will not be tolerated. We will use overwhelming lethal force until we have achieved our objective. The Houthis have choked off shipping in one of the most important Waterways of the World, grinding vast swaths of Global Commerce to a halt, and attacking the core principle of Freedom of Navigation upon which International Trade and Commerce depends. \nOur brave Warfighters are right now carrying out aerial attacks on the terrorists’ bases, leaders, and missile defenses to protect American shipping, air, and naval assets, and to restore Navigational Freedom. No terrorist force will stop American commercial and naval vessels from freely sailing the Waterways of the World. \nTo all Houthi terrorists, YOUR TIME IS UP, AND YOUR ATTACKS MUST STOP, STARTING TODAY. IF THEY DON’T, HELL WILL RAIN DOWN UPON YOU LIKE NOTHING YOU HAVE EVER SEEN BEFORE! \nTo Iran: Support for the Houthi terrorists must end IMMEDIATELY! Do NOT threaten the American People, their President, who has received one of the largest mandates in Presidential History, or Worldwide shipping lanes. If you do, BEWARE, because America will hold you fully accountable and, we won’t be nice about it!",337,Iran
2025-03-17,"Let nobody be fooled! The hundreds of attacks being made by Houthi, the sinister mobsters and thugs based in Yemen, who are hated by the Yemeni people, all emanate from, and are created by, IRAN. Any further attack or retaliation by the “Houthis” will be met with great force, and there is no guarantee that that force will stop there. Iran has played “the innocent victim” of rogue terrorists from which they’ve lost control, but they haven’t lost control. They’re dictating every move, giving them the weapons, supplying them with money and highly sophisticated Military equipment, and even, so-called, “Intelligence.” Every shot fired by the Houthis will be looked upon, from this point forward, as being a shot fired from the weapons and leadership of IRAN, and IRAN will be held responsible, and suffer the consequences, and those consequences will be dire! \nDONALD J. TRUMP,\nPRESIDENT OF THE UNITED STATES OF AMERICA",151,Iran
2025-03-18,"My phone conversation today with President Putin of Russia was a very good and productive one. We agreed to an immediate Ceasefire on all Energy and Infrastructure, with an understanding that we will be working quickly to have a Complete Ceasefire and, ultimately, an END to this very horrible War between Russia and Ukraine. This War would have never started if I were President! Many elements of a Contract for Peace were discussed, including the fact that thousands of soldiers are being killed, and both President Putin and President Zelenskyy would like to see it end. That process is now in full force and effect, and we will, hopefully, for the sake of Humanity, get the job done!",118,Ukraine/Russia
2025-03-19,"Reports are coming in that while Iran has lessened its intensity on Military Equipment and General Support to the Houthis, they are still sending large levels of Supplies. Iran must stop the sending of these Supplies IMMEDIATELY. Let the Houthis fight it out themselves. Either way they lose, but this way they lose quickly. Tremendous damage has been inflicted upon the Houthi barbarians, and watch how it will get progressively worse — It’s not even a fair fight, and never will be. They will be completely annihilated!",87,Iran
2025-03-19,"“All energy that's affordable, reliable, and secure is a part of the Trump administration and nuclear absolutely falls in that category.""",21,Iran
2025-03-20,"Great Article by the wonderful Miranda Devine of The New York Post – A MUST READ on one, of many, out of control, Radical Left Judges!\n https:// nypost.com/2025/03/19/opinion/ trump-fighting-cartel-of-far-left-judges-trying-to-kill-campaign-promises/",29,Iran
2025-03-30,"Kristen Welker’s entire first half hour of the Lowly Rated Meet the Fake Press this morning, was devoted to the boring Signal Witch Hunt. She doesn’t want to talk in detail about anything that matters like how well we are doing against the Houthis, substantive Peace Talks with Russia and Ukraine or, Iran, Iran, Iran. She wastes my Administration’s time by talking to them about “NOTHING.” Why can’t NBC, one of the Worst Broadcasters on Television, hire people that are honest and credible? The reason they don’t is because their Chairman, Brian Roberts, is a pathetic Loser, who is petrified of the Left, and always will be. Comcast’s MSNBC and NBC have fought me for years, spending almost all of their waking hours making up Fake Stories — and look, I’m PRESIDENT, with really high Poll Numbers and Great Accomplishments. Good job Brian!",143,Ukraine/Russia
2025-03-31,"The Iran-backed Houthi Terrorists have been decimated by the relentless strikes over the past two weeks. Many of their Fighters and Leaders are no longer with us. We hit them every day and night — Harder and harder. Their capabilities that threaten Shipping and the Region are rapidly being destroyed. Our attacks will continue until they are no longer a threat to Freedom of Navigation. The choice for the Houthis is clear: Stop shooting at U.S. ships, and we will stop shooting at you. Otherwise, we have only just begun, and the real pain is yet to come, for both the Houthis and their sponsors in Iran.",107,Iran
2025-03-31,The Iran-backed Houthi Terrorists have been decimated by the relentless strikes over the past two weeks. Many of their Fighters and Leaders are no longer with us. We hit them every day and night — Harder and harder. Their capabilities that threaten Shipping and the Region are,47,Iran
2025-04-01,"My telephone call with President El-Sisi, of Egypt, went very well. We discussed numerous topics, among which was the tremendous Military progress we have made against the Ship destroying Houthis in Yemen — Also discussed was Gaza, and possible solutions, Military preparedness, etc.",42,Gaza/Israel
2025-04-04,"These Houthis gathered for instructions on an attack. Oops, there will be no attack by these Houthis!  \nThey will never sink our ships again! ",24,Gaza/Israel
2025-04-04,"These Houthis gathered for instructions on an attack. Oops, there will be no attack by these Houthis!   They will never sink our ships again! https://t.co/lEzfyDgWP5",24,Gaza/Israel
2025-04-11,"My friend, Douglas Murray, just released a new book, “On Democracies and Death Cults,” and it is quickly becoming a Best Seller! Based on his firsthand reporting, Douglas documents the barbarity of Hamas’ brutal attack on Israel on October 7th, and Israel’s heroic response. The Book serves as a strong reminder of why we must always stand up for America, and our great friend and ally, Israel. A powerful read from a Highly Respected author - Get your copy today! https:// a.co/d/c1JHUcL",82,Gaza/Israel
2025-04-13,"Time for the terrorists to hide, but it won’t do them any good. Our Warfighters, the Greatest the World has ever seen, will find them, and bring them to swift Justice. I just got rid of Joe Biden’s dangerous red tape, and empowered our Warfighters, once again, just like I did against our fight with ISIS, who were completely obliterated in three weeks under General Daniel Caine, our new Chairman of the Joint Chiefs of Staff. We will support the Somali People, who should not allow the Houthis to embed (which they are trying to do!), to end terrorism, and bring prosperity to their Country.",105,Gaza/Israel
2025-04-22,"I’ve just spoken to Prime Minister of Israel, Bibi Netanyahu, relative to numerous subjects including Trade, Iran, etc. The call went very well—We are on the same side of every issue.",31,Gaza/Israel
2025-04-24,"I am not happy with the Russian strikes on KYIV. Not necessary, and very bad timing. Vladimir, STOP! 5000 soldiers a week are dying. Lets get the Peace Deal DONE!",30,Ukraine/Russia
2025-04-25,"Ukraine, headed by Volodymyr Zelenskyy, has not signed the final papers on the very important Rare Earths Deal with the United States. It is at least three weeks late. Hopefully, it will be signed IMMEDIATELY. Work on the overall Peace Deal between Russia and Ukraine is going smoothly. SUCCESS seems to be in the future!",55,Ukraine/Russia
2025-04-26,"No matter what deal I make with respect to Russia/Ukraine, no matter how good it is, even if it’s the greatest deal ever made, The Failing New York Times will speak BADLY of it. Liddle’ Peter Baker, the very biased and untalented writer for The Times, followed his Editor’s demands and wrote that Ukraine should get back territory, including, I suppose, Crimea, and other ridiculous requests, in order to stop the killing that is worse than anything since World War II. Why doesn’t this lightweight reporter say that it was Obama who made it possible for Russia to steal Crimea from Ukraine without even a shot being fired. It was also Liddle’ Peter who wrote an absolutely fawning, yet terribly written Biography, on Obama. It was a JOKE! Did Baker ever criticize the Obama Crimea Giveaway? NO, not once, only TRUMP, and I’ve had nothing to do with this stupid war, other than early on, when I gave Ukraine Javelins, and Obama gave them sheets. This is Sleepy Joe Biden’s War, not mine. It was a loser from day one, and should have never happened, and wouldn’t have happened if I were President at the time. I’m just trying to clean up the mess that was left to me by Obama and Biden, and what a mess it is. With all of that being said, there was no reason for Putin to be shooting missiles into civilian areas, cities and towns, over the last few days. It makes me think that maybe he doesn’t want to stop the war, he’s just tapping me along, and has to be dealt with differently, through “Banking” or “Secondary Sanctions?” Too many people are dying!!!",281,Ukraine/Russia
2025-05-01,"ALERT: All purchases of Iranian Oil, or Petrochemical products, must stop, NOW! Any Country or person who buys ANY AMOUNT of OIL or PETROCHEMICALS from Iran will be subject to, immediately, Secondary Sanctions. They will not be allowed to do business with the United States of America in any way, shape, or form. Thank you for your attention to this matter, PRESIDENT DONALD J. TRUMP",65,Iran
2025-05-02,"The Democrats are really out of control. They have lost everything, especially their minds! These Radical Left Lunatics are into the “Impeachment thing” again. They have already got two “No Name,” little respected Congressmen, total Whackjobs both, throwing the “Impeachment” of DONALD J. TRUMP around, for about the 20th time, even though they have no idea for what I would be Impeached. Maybe it should be for cleaning up the MESS that they left us on the Border, or the Highest Inflation in our Country’s History or, perhaps, it should be the incompetent Withdrawal from Afghanistan, or Russia, Russia, Russia/Ukraine, Ukraine, Ukraine, or the Attack of Israel on October 7th that only proceeded because they allowed Iran to regain Great Wealth. These Congressmen stated that, they didn’t know why they would Impeach me but, “We just want to do it.” The Republicans should start to think about expelling them from Congress for all of the crimes that they have committed, especially around Election time(s). These are very dishonest people that won’t let our Country heal! Why do we allow them to continuously use Impeachment as a weapon against the President of the United States who, by all accounts, is working hard to SAVE OUR COUNTRY. It’s the same playbook that they used in my First Term, and Republicans are not going to allow them to get away with it again. These are total LOWLIFES, who hate our Country, and everything it stands for. Perhaps we should start playing this game on them, and expel Democrats for the many crimes that they have committed — And these are REAL crimes. Remember, “Shifty” Adam Schiff demanded a Pardon, and they had to use the power of the Auto Pen, and a Full Pardon, for him and the Unselect Committee of Political Thugs, to save them from Expulsion, and probably worse!",308,Ukraine/Russia
2025-05-05,"I just had a very good and productive telephone conversation with the President of Turkey, Recep Erdoğan, concerning many subjects, including the War with Russia/Ukraine, all things Syria, Gaza, and more. The President invited me to go to Turkey at a future date and, likewise, he will be coming to Washington, D.C. During my four years as President, my relationship with President Erdoğan was excellent. We worked together closely on numerous things, including the fact that he helped return Pastor Andrew Brunson, who was imprisoned, back to the United States — Immediately upon my request. In any event, I look forward to working with President Erdoğan on getting the ridiculous, but deadly, War between Russia and Ukraine ended — NOW!",120,Ukraine/Russia
2025-05-08,"Talks with Russia/Ukraine continue. The U.S. calls for, ideally, a 30-day unconditional ceasefire. Hopefully, an acceptable ceasefire will be observed, and both Countries will be held accountable for respecting the sanctity of these direct negotiations. If the ceasefire is not respected, the U.S. and its partners will impose further sanctions. Thousands of young soldiers are dying on a weekly basis, and everybody should want it to STOP. I do, and the United States of America does, also. As President, I will stay committed to securing Peace between Russia and Ukraine, together with the Europeans, and a Lasting Peace it will be! This ceasefire must ultimately build toward a Peace Agreement. It can all be done very quickly, and I will be available on a moment’s notice if my services are needed. Thank you for your attention to this matter!",139,Ukraine/Russia
2025-05-10,"After a long night of talks mediated by the United States, I am pleased to announce that India and Pakistan have agreed to a FULL AND IMMEDIATE CEASEFIRE. Congratulations to both Countries on using Common Sense and Great Intelligence. Thank you for your attention to this matter!",47,Gaza/Israel
2025-05-12,"EDAN ALEXANDER, AMERICAN HOSTAGE THOUGHT DEAD, TO BE RELEASED BY HAMAS. GREAT NEWS!",13,Gaza/Israel
2025-05-17,"I WILL BE SPEAKING, BY TELEPHONE, TO PRESIDENT VLADIMIR PUTIN OF RUSSIA ON MONDAY, AT 10:00 A.M. THE SUBJECTS OF THE CALL WILL BE, STOPPING THE “BLOODBATH” THAT IS KILLING, ON AVERAGE, MORE THAN 5000 RUSSIAN AND UKRAINIAN SOLDIERS A WEEK, AND TRADE. I WILL THEN BE SPEAKING TO PRESIDENT ZELENSKYY OF UKRAINE AND THEN, WITH PRESIDENT ZELENSKYY, VARIOUS MEMBERS OF NATO. HOPEFULLY IT WILL BE A PRODUCTIVE DAY, A CEASEFIRE WILL TAKE PLACE, AND THIS VERY VIOLENT WAR, A WAR THAT SHOULD HAVE NEVER HAPPENED, WILL END. GOD BLESS US ALL!!!",92,Ukraine/Russia
2025-05-19,"Just completed my two hour call with President Vladimir Putin of Russia. I believe it went very well. Russia and Ukraine will immediately start negotiations toward a Ceasefire and, more importantly, an END to the War. The conditions for that will be negotiated between the two parties, as it can only be, because they know details of a negotiation that nobody else would be aware of. The tone and spirit of the conversation were excellent. If it wasn’t, I would say so now, rather than later. Russia wants to do largescale TRADE with the United States when this catastrophic “bloodbath” is over, and I agree. There is a tremendous opportunity for Russia to create massive amounts of jobs and wealth. Its potential is UNLIMITED. Likewise, Ukraine can be a great beneficiary on Trade, in the process of rebuilding its Country. Negotiations between Russia and Ukraine will begin immediately. I have so informed President Volodymyr Zelenskyy, of Ukraine, Ursula von der Leyen, President of the European Commission, President Emmanuel Macron, of France, Prime Minister Giorgia Meloni, of Italy, Chancellor Friedrich Merz, of Germany, and President Alexander Stubb, of Finland, during a call with me, immediately after the call with President Putin. The Vatican, as represented by the Pope, has stated that it would be very interested in hosting the negotiations. Let the process begin!",223,Ukraine/Russia
2025-05-23,REFORMING NUCLEAR REACTOR TESTING AT THE DEPARTMENT OF ENERGY: https://www. whitehouse.gov/presidential-ac tions/2025/05/reforming-nuclear-reactor-testing-at-the-department-of-energy/ \nORDERING THE REFORM OF THE NUCLEAR REGULATORY COMMISSION: https://www. whitehouse.gov/presidential-ac tions/2025/05/ordering-the-reform-of-the-nuclear-regulatory-commission/ \nREINVIGORATING THE NUCLEAR INDUSTRIAL BASE: https://www. whitehouse.gov/presidential-ac tions/2025/05/reinvigorating-the-nuclear-industrial-base/,31,Iran
2025-05-25,Drugs coming to America from Iran. Great job by the Royal Navy-UK🇬🇧THANK YOU!,13,Iran
2025-05-26,"I’ve always had a very good relationship with Vladimir Putin of Russia, but something has happened to him. He has gone absolutely CRAZY! He is needlessly killing a lot of people, and I’m not just talking about soldiers. Missiles and drones are being shot into Cities in Ukraine, for no reason whatsoever. I’ve always said that he wants ALL of Ukraine, not just a piece of it, and maybe that’s proving to be right, but if he does, it will lead to the downfall of Russia! Likewise, President Zelenskyy is doing his Country no favors by talking the way he does. Everything out of his mouth causes problems, I don’t like it, and it better stop. This is a War that would never have started if I were President. This is Zelenskyy’s, Putin’s, and Biden’s War, not “Trump’s,” I am only helping to put out the big and ugly fires, that have been started through Gross Incompetence and Hatred.",159,Ukraine/Russia
2025-06-02,The AUTOPEN should have stopped Iran a long time ago from “enriching.” Under our potential Agreement — WE WILL NOT ALLOW ANY ENRICHMENT OF URANIUM!,25,Iran
2025-06-04,"I just finished speaking, by telephone, with President Vladimir Putin, of Russia. The call lasted approximately one hour and 15 minutes. We discussed the attack on Russia’s docked airplanes, by Ukraine, and also various other attacks that have been taking place by both sides. It was a good conversation, but not a conversation that will lead to immediate Peace. President Putin did say, and very strongly, that he will have to respond to the recent attack on the airfields. We also discussed Iran, and the fact that time is running out on Iran’s decision pertaining to nuclear weapons, which must be made quickly! I stated to President Putin that Iran cannot have a nuclear weapon and, on this, I believe that we were in agreement. President Putin suggested that he will participate in the discussions with Iran and that he could, perhaps, be helpful in getting this brought to a rapid conclusion. It is my opinion that Iran has been slowwalking their decision on this very important matter, and we will need a definitive answer in a very short period of time!",182,Ukraine/Russia
2025-06-04,"I just finished speaking, by telephone, with President Vladimir Putin, of Russia. The call lasted approximately one hour and 15 minutes. We discussed the attack on Russia’s docked airplanes, by Ukraine, and also various other attacks that have been taking place by both sides. It was a good conversation, but not a conversation that will lead to immediate Peace. President Putin did say, and very strongly, that he will have to respond to the recent attack on the airfields. We also discussed Iran, and the fact that time is running out on Iran’s decision pertaining to nuclear weapons, which must be made quickly! I stated to President Putin that Iran cannot have a nuclear weapon and, on this, I believe that we were in agreement. President Putin suggested that he will participate in the discussions with Iran and that he could, perhaps, be helpful in getting this brought to a rapid conclusion. It is my opinion that Iran has been slowwalking their decision on this very important matter, and we will need a definitive answer in a very short period of time!",182,Ukraine/Russia
2025-06-05,"I just concluded a very good phone call with President Xi, of China, discussing some of the intricacies of our recently made, and agreed to, Trade Deal. The call lasted approximately one and a half hours, and resulted in a very positive conclusion for both Countries. There should no longer be any questions respecting the complexity of Rare Earth products. Our respective teams will be meeting shortly at a location to be determined. We will be represented by Secretary of the Treasury Scott Bessent, Secretary of Commerce Howard Lutnick, and United States Trade Representative, Ambassador Jamieson Greer. During the conversation, President Xi graciously invited the First Lady and me to visit China, and I reciprocated. As Presidents of two Great Nations, this is something that we both look forward to doing. The conversation was focused almost entirely on TRADE. Nothing was discussed concerning Russia/Ukraine, or Iran. We will inform the Media as to scheduling and location of the soon to be meeting. Thank you for your attention to this matter!",170,Ukraine/Russia
2025-06-12,"We remain committed to a Diplomatic Resolution to the Iran Nuclear Issue! My entire Administration has been directed to negotiate with Iran. They could be a Great Country, but they first must completely give up hopes of obtaining a Nuclear Weapon. Thank you for your attention to this matter!",49,Iran
2025-06-13,"I gave Iran chance after chance to make a deal. I told them, in the strongest of words, to “just do it,” but no matter how hard they tried, no matter how close they got, they just couldn’t get it done. I told them it would be much worse than anything they know, anticipated, or were told, that the United States makes the best and most lethal military equipment anywhere in the World, BY FAR, and that Israel has a lot of it, with much more to come - And they know how to use it. Certain Iranian hardliner’s spoke bravely, but they didn’t know what was about to happen. They are all DEAD now, and it will only get worse! There has already been great death and destruction, but there is still time to make this slaughter, with the next already planned attacks being even more brutal, come to an end. Iran must make a deal, before there is nothing left, and save what was once known as the Iranian Empire. No more death, no more destruction, JUST DO IT, BEFORE IT IS TOO LATE. God Bless You All!",190,Iran
2025-06-13,"Two months ago I gave Iran a 60 day ultimatum to “make a deal.” They should have done it! Today is day 61. I told them what to do, but they just couldn’t get there. Now they have, perhaps, a second chance!",42,Iran
2025-06-14,"President Putin called this morning to very nicely wish me a Happy Birthday, but to more importantly, talk about Iran, a country he knows very well. We talked at length. Much less time was spent talking about Russia/Ukraine, but that will be for next week. He is doing the planned prisoner swaps - large numbers of prisoners are being exchanged, immediately, from both sides. The call lasted approximately 1 hour. He feels, as do I, this war in Israel-Iran should end, to which I explained, his war should also end.",90,Ukraine/Russia
2025-06-15,"The U.S. had nothing to do with the attack on Iran, tonight. If we are attacked in any way, shape or form by Iran, the full strength and might of the U.S. Armed Forces will come down on you at levels never seen before. However, we can easily get a deal done between Iran and Israel, and end this bloody conflict!!!",61,Iran
2025-06-15,"Iran and Israel should make a deal, and will make a deal, just like I got India and Pakistan to make, in that case by using TRADE with the United States to bring reason, cohesion, and sanity into the talks with two excellent leaders who were able to quickly make a decision and STOP! Also, during my first term, Serbia and Kosovo were going at it hot and heavy, as they have for many decades, and this long time conflict was ready to break out into WAR. I stopped it (Biden has hurt the longer term prospects with some very stupid decisions, but I will fix it, again!). Another case is Egypt and Ethiopia, and their fight over a massive dam that is having an effect on the magnificent Nile River. There is peace, at least for now, because of my intervention, and it will stay that way! Likewise, we will have PEACE, soon, between Israel and Iran! Many calls and meetings now taking place. I do a lot, and never get credit for anything, but that’s OK, the PEOPLE understand. MAKE THE MIDDLE EAST GREAT AGAIN!",187,Iran
2025-06-16,"Iran should have signed the “deal” I told them to sign. What a shame, and waste of human life. Simply stated, IRAN CAN NOT HAVE A NUCLEAR WEAPON. I said it over and over again! Everyone should immediately evacuate Tehran!",40,Iran
2025-06-16,"Somebody please explain to kooky Tucker Carlson that,” IRAN CAN NOT HAVE A NUCLEAR WEAPON!”",15,Iran
2025-06-16,"AMERICA FIRST means many GREAT things, including the fact that, IRAN CAN NOT HAVE A NUCLEAR WEAPON. MAKE AMERICA GREAT AGAIN!!!",21,Iran
2025-06-17,"I have not reached out to Iran for “Peace Talks” in any way, shape, or form. This is just more HIGHLY FABRICATED, FAKE NEWS! If they want to talk, they know how to reach me. They should have taken the deal that was on the table - Would have saved a lot of lives!!!",54,Iran
2025-06-17,"Publicity seeking President Emmanuel Macron, of France, mistakenly said that I left the G7 Summit, in Canada, to go back to D.C. to work on a “cease fire” between Israel and Iran. Wrong! He has no idea why I am now on my way to Washington, but it certainly has nothing to do with a Cease Fire. Much bigger than that. Whether purposely or not, Emmanuel always gets it wrong. Stay Tuned!",72,Iran
2025-06-17,"We know exactly where the so-called “Supreme Leader” is hiding. He is an easy target, but is safe there - We are not going to take him out (kill!), at least not for now. But we don’t want missiles shot at civilians, or American soldiers. Our patience is wearing thin. Thank you for your attention to this matter!",58,other
2025-06-17,"We now have complete and total control of the skies over Iran. Iran had good sky trackers and other defensive equipment, and plenty of it, but it doesn’t compare to American made, conceived, and manufactured “stuff.” Nobody does it better than the good ol’ USA.",45,Iran
2025-06-19,The Wall Street Journal has No Idea what my thoughts are concerning Iran!,13,Iran
2025-06-20,"I am very happy to report that I have arranged, along with Secretary of State Marco Rubio, a wonderful Treaty between the Democratic Republic of the Congo, and the Republic of Rwanda, in their War, which was known for violent bloodshed and death, more so even than most other Wars, and has gone on for decades. Representatives from Rwanda and the Congo will be in Washington on Monday to sign Documents. This is a Great Day for Africa and, quite frankly, a Great Day for the World! I won’t get a Nobel Peace Prize for this, I won’t get a Nobel Peace Prize for stopping the War between India and Pakistan, I won’t get a Nobel Peace Prize for stopping the War between Serbia and Kosovo, I won’t get a Nobel Peace Prize for keeping Peace between Egypt and Ethiopia (A massive Ethiopian built dam, stupidly financed by the United States of America, substantially reduces the water flowing into The Nile River), and I won’t get a Nobel Peace Prize for doing the Abraham Accords in the Middle East which, if all goes well, will be loaded to the brim with additional Countries signing on, and will unify the Middle East for the first time in “The Ages!” No, I won’t get a Nobel Peace Prize no matter what I do, including Russia/Ukraine, and Israel/Iran, whatever those outcomes may be, but the people know, and that’s all that matters to me!",241,Ukraine/Russia
2025-06-21,"We have completed our very successful attack on the three Nuclear sites in Iran, including Fordow, Natanz, and Esfahan. All planes are now outside of Iran air space. A full payload of BOMBS was dropped on the primary site, Fordow. All planes are safely on their way home. Congratulations to our great American Warriors. There is not another military in the World that could have done this. NOW IS THE TIME FOR PEACE!Thank you for your attention to this matter.",80,Iran
2025-06-21,"We have completed our very successful attack on the three Nuclear sites in Iran, including Fordow, Natanz, and Esfahan. All planes are now outside of Iran air space. A full payload of BOMBS was dropped on the primary site, Fordow. All planes are safely on their way home. Congratulations to our great American Warriors. There is not another military in the World that could have done this. NOW IS THE TIME FOR PEACE! Thank you for your attention to this matter.",81,Iran
2025-06-22,"I will be giving an Address to the Nation at 10:00 P.M., at the White House, regarding our very successful military operation in Iran. This is an HISTORIC MOMENT FOR THE UNITED STATES OF AMERICA, ISRAEL, AND THE WORLD. IRAN MUST NOW AGREE TO END THIS WAR. THANK YOU!",49,Iran
2025-06-22,"I will be giving an Address to the Nation at 10:00 P.M., at the White House, regarding our very successful military operation in Iran. This is an HISTORIC MOMENT FOR THE UNITED STATES OF AMERICA, ISRAEL, AND THE WORLD. IRAN MUST NOW AGREE TO END THIS WAR. THANK YOU!",49,Iran
2025-06-22,"Congressman Thomas Massie of Kentucky is not MAGA, even though he likes to say he is. Actually, MAGA doesn’t want him, doesn’t know him, and doesn’t respect him. He is a negative force who almost always Votes “NO,” no matter how good something may be. He’s a simple minded “grandstander” who thinks it’s good politics for Iran to have the highest level Nuclear weapon, while at the same time yelling “DEATH TO AMERICA” at every chance they get. Iran has killed and maimed thousands of Americans, and even took over the American Embassy in Tehran under the Carter Administration. We had a spectacular military success yesterday, taking the “bomb” right out of their hands (and they would use it if they could!) but, as usual, and despite all of the praise and accolades received, this “lightweight” Congressman is against what was so brilliantly achieved last night in Iran. Massie is weak, ineffective, and votes “NO” on virtually everything put before him (Rand Paul, Jr.), no matter how good something may be. He is disrespectful to our great military, and all that they stand for, not even acknowledging their brilliance and bravery in yesterday’s attack, which was a total and complete WIN. Massie should drop his fake act and start putting America First, but he doesn’t know how to get there — he doesn’t have a clue! He’ll undoubtedly vote against the Great, Big, Beautiful Bill, even though non-passage means a 68% Tax Increase for everybody, and many things far worse than that. MAGA should drop this pathetic LOSER, Tom Massie, like the plague! The good news is that we will have a wonderful American Patriot running against him in the Republican Primary, and I’ll be out in Kentucky campaigning really hard. MAGA is not about lazy, grandstanding, nonproductive politicians, of which Thomas Massie is definitely one. Thank you to our incredible military for the AMAZING job they did last night. It was really SPECIAL!!! MAKE AMERICA GREAT AGAIN.",328,Iran
2025-06-22,The damage to the Nuclear sites in Iran is said to be “monumental.” The hits were hard and accurate. Great skill was shown by our military. Thank you!,28,Iran
2025-06-22,"It’s not politically correct to use the term, “Regime Change,” but if the current Iranian Regime is unable to MAKE IRAN GREAT AGAIN, why wouldn’t there be a Regime change??? MIGA!!!",31,Iran
2025-06-22,"ANY RETALIATION BY IRAN AGAINST THE UNITED STATES OF AMERICA WILL BE MET WITH FORCE FAR GREATER THAN WHAT WAS WITNESSED TONIGHT. THANK YOU! DONALD J. TRUMP, PRESIDENT OF THE UNITED STATES",32,Iran
2025-06-23,"Monumental Damage was done to all Nuclear sites in Iran, as shown by satellite images. Obliteration is an accurate term! The white structure shown is deeply imbedded into the rock, with even its roof well below ground level, and completely shielded from flame. The biggest damage took place far below ground level. Bullseye!!!",53,Iran
2025-06-23,"Did I hear Former President Medvedev, from Russia, casually throwing around the “N word” (Nuclear!), and saying that he and other Countries would supply Nuclear Warheads to Iran? Did he really say that or, is it just a figment of my imagination? If he did say that, and, if confirmed, please let me know, IMMEDIATELY. The “N word” should not be treated so casually. I guess that’s why Putin’s “THE BOSS.” By the way, if anyone thinks our “hardware” was great over the weekend, far and away the strongest and best equipment we have, 20 years advanced over the pack, is our Nuclear Submarines. They are the most powerful and lethal weapons ever built, and just launched the 30 Tomahawks — All 30 hit their mark perfectly. So, in addition to our Great Fighter Pilots, thank you to the Captain and Crew!",142,Iran
2025-06-23,"Did I hear Former President Medvedev, from Russia, casually throwing around the “N word” (Nuclear!), and saying that he and other Countries would supply Nuclear Warheads to Iran? Did he really say that or, is it just a figment of my imagination? If he did say that, and, if confirmed, please let me know, IMMEDIATELY. The “N word” should not be treated so casually. I guess that’s why Putin’s “THE BOSS.” By the way, if anyone thinks our “hardware” was great over the weekend, far and away the strongest and best equipment we have, 20 years advanced over the pack, is our Nuclear Submarines. They are the most powerful and lethal weapons ever built, and just launched the 30 Tomahawks — All 30 hit their mark perfectly. So, in addition to our Great Fighter Pilots, thank you to the Captain and Crew!",142,Iran
2025-06-23,"The sites that we hit in Iran were totally destroyed, and everyone knows it. Only the Fake News would say anything different in order to try and demean, as much as possible — And even they say they were “pretty well destroyed!” Working especially hard on this falsehood is Allison Cooper of Fake News CNN, Dumb Brian L. Roberts, Chairman of “Con”cast, Jonny Karl of ABC Fake News, and always, the Losers of, again, Concast’s NBC Fake News. It never ends with the sleazebags in the Media, and that’s why their Ratings are at an ALL TIME LOW — ZERO CREDIBILITY!",101,Iran
2025-06-23,"Iran has officially responded to our Obliteration of their Nuclear Facilities with a very weak response, which we expected, and have very effectively countered. There have been 14 missiles fired — 13 were knocked down, and 1 was “set free,” because it was headed in a nonthreatening direction. I am pleased to report that NO Americans were harmed, and hardly any damage was done. Most importantly, they’ve gotten it all out of their “system,” and there will, hopefully, be no further HATE. I want to thank Iran for giving us early notice, which made it possible for no lives to be lost, and nobody to be injured. Perhaps Iran can now proceed to Peace and Harmony in the Region, and I will enthusiastically encourage Israel to do the same. Thank you for your attention to this matter! \nDONALD J. TRUMP, PRESIDENT OF THE UNITED STATES OF AMERICA",147,Iran
2025-06-23,"CONGRATULATIONS TO EVERYONE! It has been fully agreed by and between Israel and Iran that there will be a Complete and Total CEASEFIRE (in approximately 6 hours from now, when Israel and Iran have wound down and completed their in progress, final missions!), for 12 hours, at which point the War will be considered, ENDED! Officially, Iran will start the CEASEFIRE and, upon the 12th Hour, Israel will start the CEASEFIRE and, upon the 24th Hour, an Official END to THE 12 DAY WAR will be saluted by the World. During each CEASEFIRE, the other side will remain PEACEFUL and RESPECTFUL. On the assumption that everything works as it should, which it will, I would like to congratulate both Countries, Israel and Iran, on having the Stamina, Courage, and Intelligence to end, what should be called, “THE 12 DAY WAR.” This is a War that could have gone on for years, and destroyed the entire Middle East, but it didn’t, and never will! God bless Israel, God bless Iran, God bless the Middle East, God bless the United States of America, and GOD BLESS THE WORLD! \nDONALD J. TRUMP,\nPRESIDENT OF THE UNITED STATES OF AMERICA",195,Gaza/Israel
2025-06-24,"Heading to NATO where, at worst, it will be a much calmer period than what I just went through with Israel and Iran. I look forward to seeing all of my very good European friends, and others. Hopefully, much will be accomplished!",42,Iran
2025-06-24,"THE CEASEFIRE IS NOW IN EFFECT. PLEASE DO NOT VIOLATE IT! DONALD J. TRUMP, PRESIDENT OF THE UNITED STATES!",19,Gaza/Israel
2025-06-24,"ISRAEL is not going to attack Iran. All planes will turn around and head home, while doing a friendly “Plane Wave” to Iran. Nobody will be hurt, the Ceasefire is in effect! Thank you for your attention to this matter! DONALD J. TRUMP, PRESIDENT OF THE UNITED STATES",48,Gaza/Israel
2025-06-24,"Israel & Iran came to me, almost simultaneously, and said, “PEACE!” I knew the time was NOW. The World, and the Middle East, are the real WINNERS! Both Nations will see tremendous LOVE, PEACE, AND PROSPERITY in their futures. They have so much to gain, and yet, so much to lose if they stray from the road of RIGHTEOUSNESS & TRUTH. The future for Israel & Iran is UNLIMITED, & filled with great PROMISE. GOD BLESS YOU BOTH!",78,Iran
2025-06-24,"Both Israel and Iran wanted to stop the War, equally! It was my great honor to Destroy All Nuclear facilities & capability, and then, STOP THE WAR!",27,Iran
2025-06-24,"China can now continue to purchase Oil from Iran. Hopefully, they will be purchasing plenty from the U.S., also. It was my Great Honor to make this happen!",28,Iran
2025-06-25,"Last weekend, the United States successfully carried out a massive precision strike on Iran's nuclear enrichment facilities, and it was very, very successful—It was called OBLITERATION. This incredible exercise of American strength has paved the way for peace, with a historic ceasefire agreement…",43,Iran
2025-06-25,"Steve Witkoff on the 12 Day War ceasefire: ""The proof is in the pudding, no one's shooting at each other. It's over.”",22,Gaza/Israel
2025-06-25,"FAKE NEWS CNN, TOGETHER WITH THE FAILING NEW YORK TIMES, HAVE TEAMED UP IN AN ATTEMPT TO DEMEAN ONE OF THE MOST SUCCESSFUL MILITARY STRIKES IN HISTORY. THE NUCLEAR SITES IN IRAN ARE COMPLETELY DESTROYED! BOTH THE TIIMES AND CNN ARE GETTING SLAMMED BY THE PUBLIC!",46,Iran
2025-06-25,"FAKE NEWS CNN, TOGETHER WITH THE FAILING NEW YORK TIMES, HAVE TEAMED UP IN AN ATTEMPT TO DEMEAN ONE OF THE MOST SUCCESSFUL MILITARY STRIKES IN HISTORY. THE NUCLEAR SITES IN IRAN ARE COMPLETELY DESTROYED! BOTH THE TIMES AND CNN ARE GETTING SLAMMED BY THE PUBLIC!",46,Iran
2025-06-25,"Secretary Marco Rubio: “There’s no way Iran comes to the table if somehow nothing had happened—this was COMPLETE & TOTAL OBLITERATION, they’re in bad shape…”",25,Iran
2025-06-25,"BREAKING NEWS…I was shocked to hear that the State of Israel, which has just had one of its Greatest Moments in History, and is strongly led by Bibi Netanyahu, is continuing its ridiculous Witch Hunt against their Great War Time Prime Minister! Bibi and I just went through HELL together, fighting a very tough and brilliant longtime enemy of Israel, Iran, and Bibi could not have been better, sharper, or stronger in his LOVE for the incredible Holy Land. Anybody else would have suffered losses, embarrassment, and chaos! Bibi Netanyahu was a WARRIOR, like perhaps no other Warrior in the History of Israel, and the result was something that nobody thought was possible, a complete elimination of potentially one of the biggest and most powerful Nuclear Weapons anywhere in the World, and it was going to happen, SOON! We were fighting, literally, for the Survival of Israel, and there is nobody in Israel’s History that fought harder or more competently than Bibi Netanyahu. Despite all of this, I just learned that Bibi has been summoned to Court on Monday for the continuation of this long running, (He has been going through this “Horror Show” since May of 2020 – Unheard of! This is the first time a sitting Israeli Prime Minister has ever been on trial.), politically motivated case, “concerning cigars, a Bugs Bunny doll, and numerous other unfair charges” in order to do him great harm. Such a WITCH HUNT, for a man who has given so much, is unthinkable to me. He deserves much better than this, and so does the State of Israel. Bibi Netanyahu’s trial should be CANCELLED, IMMEDIATELY, or a Pardon given to a Great Hero, who has done so much for the State. Perhaps there is no one that I know who could have worked in better harmony with the President of the United States, ME, than Bibi Netanyahu. It was the United States of America that saved Israel, and now it is going to be the United States of America that saves Bibi Netanyahu. THIS TRAVESTY OF “JUSTICE” CAN NOT BE ALLOWED!",349,Iran
2025-06-25,"Natasha Bertrand should be FIRED from CNN! I watched her for three days doing Fake News. She should be IMMEDIATELY reprimanded, and then thrown out “like a dog.” She lied on the Laptop from Hell Story, and now she lied on the Nuclear Sites Story, attempting to destroy our Patriot Pilots by making them look bad when, in fact, they did a GREAT job and hit “pay dirt” — TOTAL OBLITERATION! She should not be allowed to work at Fake News CNN. It’s people like her who destroyed the reputation of a once great Network. Her slant was so obviously negative, besides, she doesn’t have what it takes to be an on camera correspondent, not even close. FIRE NATASHA!",119,Iran
2025-06-25,This was an unbelievable hit in Iran by genius pilots and genius people in the military…,16,Iran
2025-06-25,"Israel just stated that the Nuclear Sites were OBLITERATED! Thank you to our great B-2 pilots, and all others involved!",20,Iran
2025-06-26,The Democrats are the ones who leaked the information on the PERFECT FLIGHT to the Nuclear Sites in Iran. They should be prosecuted!,23,Iran
2025-06-26,Rumor is that the Failing New York Times and Fake News CNN will be firing the reporters who made up the FAKE stories on the Iran Nuclear sites because they got it so wrong. Lets see what happens?,38,Iran
2025-06-27,"Why would the so-called “Supreme Leader,” Ayatollah Ali Khamenei, of the war torn Country of Iran, say so blatantly and foolishly that he won the War with Israel, when he knows his statement is a lie, it is not so. As a man of great faith, he is not supposed to lie. His Country was decimated, his three evil Nuclear Sites were OBLITERATED, and I knew EXACTLY where he was sheltered, and would not let Israel, or the U.S. Armed Forces, by far the Greatest and Most Powerful in the World, terminate his life. I SAVED HIM FROM A VERY UGLY AND IGNOMINIOUS DEATH, and he does not have to say, “THANK YOU, PRESIDENT TRUMP!” In fact, in the final act of the War, I demanded that Israel bring back a very large group of planes, which were heading directly to Tehran, looking for a big day, perhaps the final knockout! Tremendous damage would have ensued, and many Iranians would have been killed. It was going to be the biggest attack of the War, by far. During the last few days, I was working on the possible removal of sanctions, and other things, which would have given a much better chance to Iran at a full, fast, and complete recovery - The sanctions are BITING! But no, instead I get hit with a statement of anger, hatred, and disgust, and immediately dropped all work on sanction relief, and more. Iran has to get back into the World Order flow, or things will only get worse for them. They are always so angry, hostile, and unhappy, and look at what it has gotten them - A burned out, blown up Country, with no future, a decimated Military, a horrible Economy, and DEATH all around them. They have no hope, and it will only get worse! I wish the leadership of Iran would realize that you often get more with HONEY than you do with VINEGAR. PEACE!!!",325,Iran
2025-06-28,Who in the Fake News Media is the SleazeBag saying that “President Trump wants to give Iran $30 Billion to build non-military Nuclear facilities.” Never heard of this ridiculous idea. It’s just another HOAX put out by the Fake News in order to demean. These people are SICK!!!,48,Iran
2025-06-28,"RT @realDonaldTrump Why would the so-called “Supreme Leader,” Ayatollah Ali Khamenei, of the war torn Country of Iran, say so blatantly and foolishly that he won the War with Israel, when he knows his statement is a lie, it is not so. As a man of great faith, he is not supposed to lie. His Country was decimated, his three evil Nuclear Sites were OBLITERATED, and I knew EXACTLY where he was sheltered, and would not let Israel, or the U.S. Armed Forces, by far the Greatest and Most Powerful in the World, terminate his life. I SAVED HIM FROM A VERY UGLY AND IGNOMINIOUS DEATH, and he does not have to say, “THANK YOU, PRESIDENT TRUMP!” In fact, in the final act of the War, I demanded that Israel bring back a very large group of planes, which were heading directly to Tehran, looking for a big day, perhaps the final knockout! Tremendous damage would have ensued, and many Iranians would have been killed. It was going to be the biggest attack of the War, by far. During the last few days, I was working on the possible removal of sanctions, and other things, which would have given a much better chance to Iran at a full, fast, and complete recovery - The sanctions are BITING! But no, instead I get hit with a statement of anger, hatred, and disgust, and immediately dropped all work on sanction relief, and more. Iran has to get back into the World Order flow, or things will only get worse for them. They are always so angry, hostile, and unhappy, and look at what it has gotten them - A burned out, blown up Country, with no future, a decimated Military, a horrible Economy, and DEATH all around them. They have no hope, and it will only get worse! I wish the leadership of Iran would realize that you often get more with HONEY than you do with VINEGAR. PEACE!!!",327,Iran
2025-06-28,"“In the past 12 days, some of the most consequential decisions in American history, those that will affect generations and leave a substantial impact on our culture, economy, and political alignment, have been made either by President Donald Trump or because of him…” https://www. washingtonexaminer.com/opinion /columnists/3456633/consequential-two-weeks-donald-trump-presidency-us-steel-iran-maga/",46,Iran
2025-06-28,"It is terrible what they are doing in Israel to Bibi Netanyahu. He is a War Hero, and a Prime Minister who did a fabulous job working with the United States to bring Great Success in getting rid of the dangerous Nuclear threat in Iran. Importantly, he is right now in the process of negotiating a Deal with Hamas, which will include getting the Hostages back. How is it possible that the Prime Minister of Israel can be forced to sit in a Courtroom all day long, over NOTHING (Cigars, Bugs Bunny Doll, etc.). It is a POLITICAL WITCH HUNT, very similar to the Witch Hunt that I was forced to endure. This travesty of “Justice” will interfere with both Iran and Hamas negotiations. In other words, it is INSANITY doing what the out-of-control prosecutors are doing to Bibi Netanyahu. The United States of America spends Billions of Dollar a year, far more than on any other Nation, protecting and supporting Israel. We are not going to stand for this. We just had a Great Victory with Prime Minister Bibi Netanyahu at the helm — And this greatly tarnishes our Victory. LET BIBI GO, HE’S GOT A BIG JOB TO DO!",201,Gaza/Israel
2025-06-29,"Republicans must remember that they are fighting against a very evil, corrupt and, in many ways, incompetent (Policywise!) group of people, who would rather see our Country “go down in flames” than do the right thing and, MAKE AMERICA GREAT AGAIN! The Democrats would LOVE to see the Biggest Tax Hike in History (68%!), No Border Spending (Open Borders!), and a weak, underfunded Military, so we wouldn’t be able to do things like we did just one week ago in Iran. We gave the Dems a Debt Extension because it was the right thing to do, but they won’t do it for us. The one thing they do have is an ability to stick together, and vote as one group (They don’t have GRANDSTANDERS!). They also have House and Senate Rules that give Great Power to their Leaders - Committee Chairmanships, etc. Republicans don’t have that, have never been able to get it, BUT THEY SHOULD! What we do have is wonderful people and phenomenal Policy, and that should win Elections every single time!",174,Iran
2025-06-29,MAKE THE DEAL IN GAZA. GET THE HOSTAGES BACK!!! DJT,10,Gaza/Israel
2025-06-29,"Regarding Iran's Fordow nuclear facility—They didn't move anything...they didn't think it was going to be actually doable, what we did…",20,Iran
2025-06-30,"Tell phony Democrat Senator Chris Coons that I am not offering Iran ANYTHING, unlike Obama, who paid them $Billions under the stupid “road to a Nuclear Weapon JCPOA (which would now be expired!), nor am I even talking to them since we totally OBLITERATED their Nuclear Facilities.",47,Iran
2025-07-01,"My Representatives had a long and productive meeting with the Israelis today on Gaza. Israel has agreed to the necessary conditions to finalize the 60 Day CEASEFIRE, during which time we will work with all parties to end the War. The Qataris and Egyptians, who have worked very hard to help bring Peace, will deliver this final proposal. I hope, for the good of the Middle East, that Hamas takes this Deal, because it will not get better — IT WILL ONLY GET WORSE. Thank you for your attention to this matter!",92,Gaza/Israel
2025-07-04,"It was my great honor to welcome Edan Alexander, held hostage by Hamas for 584 days—to the Oval Office with his loved ones. We remain committed to bringing every hostage home!",31,Gaza/Israel
2025-07-08,"A new Study by the Council of Economic Advisers (CEA), led by Highly Respected Chair, Dr. Stephen Miran, has found that Tariffs have had ZERO IMPACT on Inflation. In fact, the Study shows that Import Prices are actually DROPPING, just like I always said they would. The Fake News and the so-called “Experts” were wrong again. Tariffs are making our Country “BOOM.” Many new Factories, Jobs, and TRILLIONS OF DOLLARS in Investments are pouring into the U.S.A. Someone should show this new Study to “Too Late” Jerome Powell, who has been whining like a baby about non-existent Inflation for months, and refusing to do the right thing. CUT INTEREST RATES JEROME — NOW IS THE TIME!",116,Iran
2025-07-10,"I am announcing a 50% TARIFF on Copper, effective August 1, 2025, after receiving a robust NATIONAL SECURITY ASSESSMENT. Copper is necessary for Semiconductors, Aircraft, Ships, Ammunition, Data Centers, Lithium-ion Batteries, Radar Systems, Missile Defense Systems, and even, Hypersonic Weapons, of which we are building many. Copper is the second most used material by the Department of Defense! Why did our foolish (and SLEEPY!) “Leaders” decimate this important Industry? This 50% TARIFF will reverse the Biden Administration’s thoughtless behavior, and stupidity. America will, once again, build a DOMINANT Copper Industry. THIS IS, AFTER ALL, OUR GOLDEN AGE!",97,other
2025-07-11,Thank you USA TODAY. So nice! \n“Trump deserves Nobel Peace Prize. He's achieved more than those who've won before” https://www. usatoday.com/story/opinion/col umnist/2025/07/10/trump-netanyahu-nobel-prize-israel-iran/84505423007/,22,Gaza/Israel
2025-07-12,"What’s going on with my “boys” and, in some cases, “gals?” They’re all going after Attorney General Pam Bondi, who is doing a FANTASTIC JOB! We’re on one Team, MAGA, and I don’t like what’s happening. We have a PERFECT Administration, THE TALK OF THE WORLD, and “selfish people” are trying to hurt it, all over a guy who never dies, Jeffrey Epstein. For years, it’s Epstein, over and over again. Why are we giving publicity to Files written by Obama, Crooked Hillary, Comey, Brennan, and the Losers and Criminals of the Biden Administration, who conned the World with the Russia, Russia, Russia Hoax, 51 “Intelligence” Agents, “THE LAPTOP FROM HELL,” and more? They created the Epstein Files, just like they created the FAKE Hillary Clinton/Christopher Steele Dossier that they used on me, and now my so-called “friends” are playing right into their hands. Why didn’t these Radical Left Lunatics release the Epstein Files? If there was ANYTHING in there that could have hurt the MAGA Movement, why didn’t they use it? They haven’t even given up on the John F. Kennedy or Martin Luther King, Jr. Files. No matter how much success we have had, securing the Border, deporting Criminals, fixing the Economy, Energy Dominance, a Safer World where Iran will not have Nuclear Weapons, it’s never enough for some people. We are about to achieve more in 6 months than any other Administration has achieved in over 100 years, and we have so much more to do. We are saving our Country and, MAKING AMERICA GREAT AGAIN, which will continue to be our complete PRIORITY. The Left is imploding! Kash Patel, and the FBI, must be focused on investigating Voter Fraud, Political Corruption, ActBlue, The Rigged and Stolen Election of 2020, and arresting Thugs and Criminals, instead of spending month after month looking at nothing but the same old, Radical Left inspired Documents on Jeffrey Epstein. LET PAM BONDI DO HER JOB — SHE’S GREAT! The 2020 Election was Rigged and Stolen, and they tried to do the same thing in 2024 — That’s what she is looking into as AG, and much more. One year ago our Country was DEAD, now it’s the “HOTTEST” Country anywhere in the World. Let’s keep it that way, and not waste Time and Energy on Jeffrey Epstein, somebody that nobody cares about. Thank you for your attention to this matter!",399,Iran
2025-07-19,"All three nuclear sites in Iran were completely destroyed and/or OBLITERATED. It would take years to bring them back into service and, if Iran wanted to do so, they would be much better off starting anew, in three different locations, prior to those sites being obliterated, should they decide to do so. Thank you for your attention to this matter!",60,Iran
2025-07-22,"Iran’s Foreign Minister, Abbas Araghchi, on the Iran Nuclear Sites: “Damages are very severe, they are destroyed.” Of course they are, just like I said, and we will do it again, if necessary! As interviewed by Bret Baier. Fake News CNN should immediately fire their phony “reporter” and apologize to me and the great pilots who “OBLITERATED” Iran’s nuclear sites. CNN is a major ratings loser, as is MSDNC!",69,Iran
2025-07-26,"Just spoke to the Prime Minister of Cambodia relative to stopping the War with Thailand. I am calling the Acting Prime Minister of Thailand, right now, to likewise request a Ceasefire, and END to the War, which is currently raging. We happen to be, by coincidence, currently dealing on Trade with both Countries, but do not want to make any Deal, with either Country, if they are fighting — And I have told them so! The call with Thailand is being made momentarily. The call with Cambodia has ended, but expect to call back regarding War stoppage and Ceasefire based on what Thailand has to say. I am trying to simplify a complex situation! Many people are being killed in this War, but it very much reminds me of the Conflict between Pakistan and India, which was brought to a successful halt.",142,Gaza/Israel
2025-07-26,"I have just spoken to the Acting Prime Minister of Thailand, and it was a very good conversation. Thailand, like Cambodia, wants to have an immediate Ceasefire, and PEACE. I am now going to relay that message back to the Prime Minister of Cambodia. After speaking to both Parties, Ceasefire, Peace, and Prosperity seems to be a natural. We will soon see!",62,Gaza/Israel
2025-07-26,"I just had a very good call with the Prime Minister of Cambodia, and informed him of my discussions with Thailand, and its Acting Prime Minister. Both Parties are looking for an immediate Ceasefire and Peace. They are also looking to get back to the “Trading Table” with the United States, which we think is inappropriate to do until such time as the fighting STOPS. They have agreed to immediately meet and quickly work out a Ceasefire and, ultimately, PEACE! It was an Honor to deal with both Countries. They have a long and storied History and Culture. They will hopefully get along for many years to come. When all is done, and Peace is at hand, I look forward to concluding our Trading Agreements with both!",127,Gaza/Israel
2025-07-28,"Just spoke to the Acting Prime Minister of Thailand and Prime Minister of Cambodia. I am pleased to announce that, after the involvement of President Donald J. Trump, both Countries have reached a CEASEFIRE and PEACE. Congratulations to all! By ending this War, we have saved thousands of lives. I have instructed my Trade Team to restart negotiations on Trade. I have now ended many Wars in just six months — I am proud to be the President of PEACE!",80,Gaza/Israel
2025-07-29,"“From Iran to the border, Trump takes on America’s toughest fights” https://www. washingtontimes.com/news/2025/ jul/3/iran-border-trump-takes-americas-toughest-fights/",14,Iran
2025-07-31,The fastest way to end the Humanitarian Crises in Gaza is for Hamas to SURRENDER AND RELEASE THE HOSTAGES!!!,19,Gaza/Israel
2025-08-01,"Based on the highly provocative statements of the Former President of Russia, Dmitry Medvedev, who is now the Deputy Chairman of the Security Council of the Russian Federation, I have ordered two Nuclear Submarines to be positioned in the appropriate regions, just in case these foolish and inflammatory statements are more than just that. Words are very important, and can often lead to unintended consequences, I hope this will not be one of those instances. Thank you for your attention to this matter!",83,Iran
2025-08-03,"The very wonderful and talented Lara Trump, whose show is a big ratings success, put racist sleazebag Charlamagne “The God” (Why is he allowed to use the word “GOD” when describing himself? Can anyone imagine the uproar there would be if I used that nickname?). He’s a Low IQ individual, has no idea what words are coming out of his mouth, and knows nothing about me or what I have done - like just ending 5 Wars, including a 31 year bloodbath between Republic of the Congo and Rwanda, where Seven Million people have died, and there was no end in sight. He didn’t know that, or India and Pakistan or, wiping out Iran’s nuclear capabilities, or closing the horrendous open Border, or creating the greatest economy, where prices and Inflation have come way down, and where STUPID and CORRUPT JOE BIDEN set the record for doing the Worst Job as President, EVER. But this dope, Charlamagne, would vote for Sleepy Joe or Kamala? Remember, one year ago our Country was DEAD, now it’s the “HOTTEST” Country anywhere in the World. MAGA!!!",182,Iran
2025-08-07,"Now that the nuclear arsenal being “created” by Iran has been totally OBLITERATED, it is very important to me that all Middle Eastern Countries join the Abraham Accords. This will insure PEACE IN THE MIDDLE EAST. Thank you for your attention to this matter!",44,Iran
2025-08-07,"It is my Great Honor to announce that I have chosen Dr. Stephen Miran, current Chairman of the Council of Economic Advisors, to serve in the just vacated seat on the Federal Reserve Board until January 31, 2026. In the meantime, we will continue to search for a permanent replacement. Stephen has a Ph.D. in Economics from Harvard University, and served with distinction in my First Administration. He has been with me from the beginning of my Second Term, and his expertise in the World of Economics is unparalleled — He will do an outstanding job. Congratulations Stephen!",98,Iran
2025-08-16,"A great and very successful day in Alaska! The meeting with President Vladimir Putin of Russia went very well, as did a late night phone call with President Zelenskyy of Ukraine, and various European Leaders, including the highly respected Secretary General of NATO. It was determined by all that the best way to end the horrific war between Russia and Ukraine is to go directly to a Peace Agreement, which would end the war, and not a mere Ceasefire Agreement, which often times do not hold up. President Zelenskyy will be coming to D.C., the Oval Office, on Monday afternoon. If all works out, we will then schedule a meeting with President Putin. Potentially, millions of people’s lives will be saved. Thank you for your attention to this matter!",129,Ukraine/Russia
2025-08-18,"RT @RealRogerStone President Trump Has Achieved Peace Between: \n–India & Pakistan \n–Israel & Iran (Ceasefire) \n–Serbia & Kosovo (Trump’s intervention deterred escalation) \n–Congo & Rwanda \n–Thailand & Cambodia (Border-Clashes Ceasefire) \n–Armenia & Azerbaijan \n–Saudi Arabia, Syria, Lebanon (Abraham Accords) \nAnd now the fake news media shamelessly attack Trump because he hasn’t YET finished bringing peace between Ukraine and Russia! 🤡",60,Gaza/Israel
2025-08-18,"We will only see the return of the remaining hostages when Hamas is confronted and destroyed!!! The sooner this takes place, the better the chances of success will be. Remember, I was the one who negotiated and got hundreds of hostages freed and released into Israel (and America!). I was the one who ended 6 wars, in just 6 months. I was the one who OBLITERATED Iran’s Nuclear facilities. Play to WIN, or don’t play at all! Thank you for your attention to this matter! President DJT",87,Gaza/Israel
2025-08-18,"I’ve settled 6 Wars in 6 months, one of them a possible Nuclear disaster, and yet I have to read & listen to the Wall Street Journal, and many other who truly don’t have a clue, tell me everything that I am doing wrong on the Russia/Ukraine MESS, that is Sleepy Joe Biden’s war, not mine. I’m only here to stop it, not to prosecute it any further. It would have NEVER happened if I was President. I know exactly what I’m doing, and I don’t need the advice of people who have been working on all of these conflicts for years, and were never able to do a thing to stop them. They are “STUPID” people, with no common sense, intelligence, or understanding, and they only make the current R/U disaster more difficult to FIX. Despite all of my lightweight and very jealous critics, I’ll get it done — I always do!!! President DJT",155,Ukraine/Russia
2025-08-31,"Miranda Devine and Katie Pavlich were terrific on FoxNews yesterday. Smart, exciting, and really know their “stuff.” Two great professionals. Thank you!!! President DJT",24,Iran
2025-09-03,"Tell Hamas to IMMEDIATELY give back all 20 Hostages (Not 2 or 5 or 7!), and things will change rapidly. IT WILL END!",23,Gaza/Israel
2025-09-07,"Everyone wants the Hostages HOME. Everyone wants this War to end! The Israelis have accepted my Terms. It is time for Hamas to accept as well. I have warned Hamas about the consequences of not accepting. This is my last warning, there will not be another one! Thank you for your attention to this matter.\nDONALD J. TRUMP, PRESIDENT OF THE UNITED STATES OF AMERICA",64,Gaza/Israel
2025-09-09,"This morning, the Trump Administration was notified by the United States Military that Israel was attacking Hamas which, very unfortunately, was located in a section of Doha, the Capital of Qatar. This was a decision made by Prime Minister Netanyahu, it was not a decision made by me. Unilaterally bombing inside Qatar, a Sovereign Nation and close Ally of the United States, that is working very hard and bravely taking risks with us to broker Peace, does not advance Israel or America’s goals. However, eliminating Hamas, who have profited off the misery of those living in Gaza, is a worthy goal. I immediately directed Special Envoy Steve Witkoff to inform the Qataris of the impending attack, which he did, however, unfortunately, too late to stop the attack. I view Qatar as a strong Ally and friend of the U.S., and feel very badly about the location of the attack. I want ALL of the Hostages, and bodies of the dead, released, and this War to END, NOW! I also spoke to Prime Minister Netanyahu after the attack. The Prime Minister told me that he wants to make Peace. I believe this unfortunate incident could serve as an opportunity for PEACE. I also spoke to the Emir and Prime Minister of Qatar, and thanked them for their support and friendship to our Country. I assured them that such a thing will not happen again on their soil. I have directed Secretary of State, Marco Rubio, to finalize the Defense Cooperation Agreement with Qatar. Thank you for your attention to this matter!",260,Gaza/Israel
2025-09-09,"I am pleased to report that Elizabeth Tsurkov, a Princeton Student, whose sister is an American Citizen, was just released by Kata’ib Hezbollah (MILITANT Hezbollah), and is now safely in the American Embassy in Iraq after being tortured for many months. I will always fight for JUSTICE, and never give up. HAMAS, RELEASE THE HOSTAGES, NOW!",56,Gaza/Israel
2025-09-15,"I have just read a News Report that Hamas has moved the hostages above ground to use them as human shields against Israel’s ground offensive. I hope the Leaders of Hamas know what they’re getting into if they do such a thing. This is a human atrocity, the likes of which few people have ever seen before. Don’t let this happen or, ALL “BETS” ARE OFF. RELEASE ALL HOSTAGES NOW!",70,Gaza/Israel
2025-09-16,"RT @realDonaldTrump I have just read a News Report that Hamas has moved the hostages above ground to use them as human shields against Israel’s ground offensive. I hope the Leaders of Hamas know what they’re getting into if they do such a thing. This is a human atrocity, the likes of which few people have ever seen before. Don’t let this happen or, ALL “BETS” ARE OFF. RELEASE ALL HOSTAGES NOW!",72,Gaza/Israel
2025-09-26,"I am pleased to report that we are having very inspired and productive discussions with the Middle Eastern Community concerning Gaza. Intense negotiations have been going on for four days, and will continue for as long as necessary in order to get a Successfully Completed Agreement. All of the Countries within the Region are involved, Hamas is very much aware of these discussions, and Israel has been informed at all levels, including Prime Minister Bibi Netanyahu. There is more Goodwill and Enthusiasm for getting a Deal done, after so many decades, than I have ever seen before. Everyone is excited to put this period of Death and Darkness behind them. It is an Honor to be a part of this Negotiation. We must get the Hostages back, and get a PERMANENT AND LONGLASTING PEACE!",134,Gaza/Israel
2025-09-27,"At the request of Secretary of Homeland Security, Kristi Noem, I am directing Secretary of War, Pete Hegseth, to provide all necessary Troops to protect War ravaged Portland, and any of our ICE Facilities under siege from attack by Antifa, and other domestic terrorists. I am also authorizing Full Force, if necessary. Thank you for your attention to this matter!",60,other
2025-09-30,"RT @narendramodi We welcome President Donald J. Trump’s announcement of a comprehensive plan to end the Gaza conflict. It provides a viable pathway to long term and sustainable peace, security and development for the Palestinian and Israeli people, as also for the larger West Asian region. We hope that all concerned will come together behind President Trump’s initiative and support this effort to end conflict and secure peace. \n @realDonaldTrump",70,Gaza/Israel
2025-10-03,"Based on the Statement just issued by Hamas, I believe they are ready for a lasting PEACE. Israel must immediately stop the bombing of Gaza, so that we can get the Hostages out safely and quickly! Right now, it’s far too dangerous to do that. We are already in discussions on details to be worked out. This is not about Gaza alone, this is about long sought PEACE in the Middle East.",72,Gaza/Israel
2025-10-03,"Hamas has been a ruthless and violent threat, for many years, in the Middle East! They have killed (and made lives unbearably miserable), culminating with the October 7th MASSACRE, in Israel, babies, woman, children, old people, and many young men and women, boys and girls, getting ready to celebrate their future lives together. As retribution for the October 7th attack on civilization, more than 25,000 Hamas “soldiers” have already been killed. Most of the rest are surrounded and MILITARILY TRAPPED, just waiting for me to give the word, “GO,” for their lives to be quickly extinguished. As for the rest, we know where and who you are, and you will be hunted down, and killed. I am asking that all innocent Palestinians immediately leave this area of potentially great future death for safer parts of Gaza. Everyone will be well cared for by those that are waiting to help. Fortunately for Hamas, however, they will be given one last chance! Great, powerful, and very rich Nations of the Middle East, and the surrounding areas beyond, together with the United States of America, have agreed, with Israel signing on, to PEACE, after 3000 years, in the Middle East. THIS DEAL ALSO SPARES THE LIVES OF ALL REMAINING HAMAS FIGHTERS! The details of the document are known to the WORLD, and it is a great one for ALL! We will have PEACE in the Middle East one way or the other. The violence and bloodshed will stop. RELEASES THE HOSTAGES, ALL OF THEM, INCLUDING THE BODIES OF THOSE THAT ARE DEAD, NOW! An Agreement must be reached with Hamas by Sunday Evening at SIX (6) P.M., Washington, D.C. time. Every Country has signed on! If this LAST CHANCE agreement is not reached, all HELL, like no one has ever seen before, will break out against Hamas. THERE WILL BE PEACE IN THE MIDDLE EAST ONE WAY OR THE OTHER. Thank you for your attention to this matter! PRESIDENT DONALD J. TRUMP",329,Gaza/Israel
2025-10-04,"After negotiations, Israel has agreed to the initial withdrawal line, which we have shown to, and shared with, Hamas. When Hamas confirms, the Ceasefire will be IMMEDIATELY effective, the Hostages and Prisoner Exchange will begin, and we will create the conditions for the next phase of withdrawal, which will bring us close to the end of this 3,000 YEAR CATASTROPHE. Thank you for your attention to this matter and, STAY TUNED!",71,Gaza/Israel
2025-10-04,"I appreciate that Israel has temporarily stopped the bombing in order to give the Hostage release and Peace Deal a chance to be completed. Hamas must move quickly, or else all bets will be off. I will not tolerate delay, which many think will happen, or any outcome where Gaza poses a threat again. Let’s get this done, FAST. Everyone will be treated fairly!",64,Gaza/Israel
2025-10-05,"There have been very positive discussions with Hamas, and Countries from all over the World (Arab, Muslim, and everyone else) this weekend, to release the Hostages, end the War in Gaza but, more importantly, finally have long sought PEACE in the Middle East. These talks have been very successful, and proceeding rapidly. The technical teams will again meet Monday, in Egypt, to work through and clarify the final details. I am told that the first phase should be completed this week, and I am asking everyone to MOVE FAST. I will continue to monitor this Centuries old “conflict.” TIME IS OF THE ESSENCE OR, MASSIVE BLOODSHED WILL FOLLOW — SOMETHING THAT NOBODY WANTS TO SEE!",115,Gaza/Israel
2025-10-08,"I am very proud to announce that Israel and Hamas have both signed off on the first Phase of our Peace Plan. This means that ALL of the Hostages will be released very soon, and Israel will withdraw their Troops to an agreed upon line as the first steps toward a Strong, Durable, and Everlasting Peace. All Parties will be treated fairly! This is a GREAT Day for the Arab and Muslim World, Israel, all surrounding Nations, and the United States of America, and we thank the mediators from Qatar, Egypt, and Turkey, who worked with us to make this Historic and Unprecedented Event happen. BLESSED ARE THE PEACEMAKERS! \nDONALD J. TRUMP\nPRESIDENT OF THE UNITED STATES OF AMERICA",118,Gaza/Israel
2025-10-09,"RT @realDonaldTrump I am very proud to announce that Israel and Hamas have both signed off on the first Phase of our Peace Plan. This means that ALL of the Hostages will be released very soon, and Israel will withdraw their Troops to an agreed upon line as the first steps toward a Strong, Durable, and Everlasting Peace. All Parties will be treated fairly! This is a GREAT Day for the Arab and Muslim World, Israel, all surrounding Nations, and the United States of America, and we thank the mediators from Qatar, Egypt, and Turkey, who worked with us to make this Historic and Unprecedented Event happen. BLESSED ARE THE PEACEMAKERS! \nDONALD J. TRUMP\nPRESIDENT OF THE UNITED STATES OF AMERICA",120,Gaza/Israel
2025-10-13,"RT @rapidresponse47 Pakistani Prime Minister Shehbaz Sharif praises President @realDonaldTrump at the Gaza Peace Summit: ""Mr. President, I would like to salute you for your exemplary leadership — visionary leadership — and I think that you're the man this world needed most at this point in time.""",47,Gaza/Israel
2025-10-14,"Heading back home to a very safe and beautiful Washington, D.C. Accomplished so much today in Israel and Egypt. A lot of work, but I wouldn’t have it any other way. It was an experience like no other! Now, all of those Great Countries that have fought so long and hard for the Region have to come together and, GET THE JOB DONE! Gaza is only a part of it. The big part is, PEACE IN THE MIDDLE EAST!",79,Gaza/Israel
2025-10-16,"If Hamas continues to kill people in Gaza, which was not the Deal, we will have no choice but to go in and kill them. Thank you for your attention to this matter!",33,Gaza/Israel
2025-10-21,"Numerous of our NOW GREAT ALLIES in the Middle East, and areas surrounding the Middle East, have explicitly and strongly, with great enthusiasm, informed me that they would welcome the opportunity, at my request, to go into GAZA with a heavy force and “straighten our Hamas” if Hamas continues to act badly, in violation of their agreement with us. The love and spirit for the Middle East has not been seen like this in a thousand years! It is a beautiful thing to behold! I told these countries, and Israel, “NOT YET!” There is still hope that Hamas will do what is right. If they do not, an end to Hamas will be FAST, FURIOUS, & BRUTAL! I would like to thank all of those countries that called to help. Also, I would like to thank the great and powerful country of Indonesia, and its wonderful leader, for all of the help they have shown and given to the Middle East, and to the U.S.A. TO EVERYONE, thank you for your attention to this matter! PRESIDENT DONALD J. TRUMP",179,Gaza/Israel
2025-10-22,"“Treasury Sanctions Major Russian Oil Companies, Calls on Moscow to Immediately Agree to Ceasefire”",14,Ukraine/Russia
2025-10-22,"The Wall Street Journal story on the U.S.A.’s approval of Ukraine being allowed to use long range missiles deep into Russia is FAKE NEWS! The U.S. has nothing to do with those missiles, wherever they may come from, or what Ukraine does with them!",44,Ukraine/Russia
2025-10-25,"We have a very strong PEACE in the Middle East, and I believe it has a good chance of being EVERLASTING. Hamas is going to have to start returning the bodies of the deceased hostages, including two Americans, quickly, or the other Countries involved in this GREAT PEACE will take action. Some of the bodies are hard to reach, but others they can return now and, for some reason, they are not. Perhaps it has to do with their disarming, but when I said, “Both sides would be treated fairly,” that only applies if they comply with their obligations. Let’s see what they do over the next 48 hours. I am watching this very closely.",115,Gaza/Israel
2025-10-25,"I am on my way to Malaysia, where I will sign the great Peace Deal, which I proudly brokered between Cambodia and Thailand. Sadly, the Queen Mother of Thailand has just passed away. I send my condolences to the Great People of Thailand. I will be seeing their wonderful Prime Minister when we land. In order to accommodate everyone for this major event, we will be signing the Peace Deal immediately upon arrival. See you soon! President DJT",78,other
2025-10-29,"South Korea has agreed to pay the USA 350 Billion Dollars for a lowering of the Tariff’s charged against them by the United States. Additionally, they have agreed to buy our Oil and Gas in vast quantities, and investments into our Country by wealthy South Korean Companies and Businessmen will exceed 600 Billion Dollars. Our Military Alliance is stronger than ever before and, based on that, I have given them approval to build a Nuclear Powered Submarine, rather than the old fashioned, and far less nimble, diesel powered Submarines that they have now. A great trip, with a great Prime Minister!",101,Iran
2025-10-29,"South Korea has agreed to pay the USA 350 Billion Dollars for a lowering of the Tariff’s charged against them by the United States. Additionally, they have agreed to buy our Oil and Gas in vast quantities, and investments into our Country by wealthy South Korean Companies and Businessmen will exceed 600 Billion Dollars. Our Military Alliance is stronger than ever before and, based on that, I have given them approval to build a Nuclear Powered Submarine, rather than the old fashioned, and far less nimble, diesel powered Submarines that they have now. A great trip, with a great President of South Korea!",103,Iran
2025-10-29,"South Korea will be building its Nuclear Powered Submarine in the Philadelphia Shipyards, right here in the good ol’ U.S.A. Shipbuilding in our Country will soon be making a BIG COMEBACK. Stay tuned!!! President DJT",35,Iran
2025-10-30,"The United States has more Nuclear Weapons than any other country. This was accomplished, including a complete update and renovation of existing weapons, during my First Term in office. Because of the tremendous destructive power, I HATED to do it, but had no choice! Russia is second, and China is a distant third, but will be even within 5 years. Because of other countries testing programs, I have instructed the Department of War to start testing our Nuclear Weapons on an equal basis. That process will begin immediately. Thank you for your attention to this matter! PRESIDENT DONALD J. TRUMP",100,Iran
2025-10-31,"….BECAUSE OF THE FACT THAT THE DEMOCRATS HAVE GONE STONE COLD “CRAZY,” THE CHOICE IS CLEAR — INITIATE THE “NUCLEAR OPTION,” GET RID OF THE FILIBUSTER AND, MAKE AMERICA GREAT AGAIN!",30,Iran
2025-10-31,"I just got back from Asia where I met the Leaders of many Countries, including China, Japan, South Korea, Malaysia, Australia, Canada, New Zealand, Singapore, Thailand, Cambodia, Vietnam, and others. It was a Great Honor to meet them but, more particularly, to see that America is respected again — RESPECTED LIKE NEVER BEFORE! Great Trade Deals were made, Long Term relationships now exist, and money is pouring into our Country because of Tariffs and, frankly, the Landslide Results of the 2024 Presidential Election. The one question that kept coming up, however, was how did the Democrats SHUT DOWN the United States of America, and why did the powerful Republicans allow them to do it? The fact is, in flying back, I thought a great deal about that question, WHY?\n \nMajority Leader John Thune, and Speaker of the House Mike Johnson, are doing a GREAT job, but the Democrats are Crazed Lunatics that have lost all sense of WISDOM and REALITY. It is a sick form of the now “legendary” Trump Derangement Syndrome (TDS) that only comes from losing too much. They want Trillions of Dollars to be taken from our Healthcare System and given to others, who are not deserving — People who have come into our Country illegally, many from prisons and mental institutions. This will hurt American citizens, and Republicans will not let it happen. It is now time for the Republicans to play their “TRUMP CARD,” and go for what is called the Nuclear Option — Get rid of the Filibuster, and get rid of it, NOW! Just a short while ago, the Democrats, while in power, fought for three years to do this, but were unable to pull it off because of Senators Joe Manchin of West Virginia and Kyrsten Sinema of Arizona. Never have the Democrats fought so hard to do something because they knew the tremendous strength that terminating the Filibuster would give them. They want to substantially expand (PACK!) the United States Supreme Court, make Washington, D.C. and Puerto Rico States (Thereby automatically picking up 4 Senate seats, many House seats, and at least 8 Electoral Votes!), and many other highly destructive things. Well, now WE are in power, and if we did what we should be doing, it would IMMEDIATELY end this ridiculous, Country destroying “SHUT DOWN.” If the Democrats ever came back into power, which would be made easier for them if the Republicans are not using the Great Strength and Policies made available to us by ending the Filibuster, the Democrats will exercise their rights, and it will be done in the first day they take office, regardless of whether or not we do it. In addition to all of the other things we would get, such as the best Judges, the best U.S. Attorneys, the best of everything, this was a concept from years ago of then President Barack Hussein Obama and former Majority Leader Harry Reid in order to take advantage of the Republicans. Now I want to do it in order to take advantage of the Democrats….",509,Iran
2025-11-04,"The Democrats are far more likely to win the Midterms, and the next Presidential Election, if we don’t do the Termination of the Filibuster (The Nuclear Option!), because it will be impossible for Republicans to get Common Sense Policies done with these Crazed Democrat Lunatics being able to block everything by withholding their votes. FOR THREE YEARS, NOTHING WILL BE PASSED, AND REPUBLICANS WILL BE BLAMED. Elections, including the Midterms, will be rightfully brutal. If we do terminate the Filibuster, we will get EVERYTHING approved, like no Congress in History. We will have FAIR, FREE, and SAFE Elections, No Men in Women’s Sports or Transgender for Everybody, Strong Borders, Major Tax and Energy Cuts, and will secure our Second Amendment, which the Democrats will also terminate, IMMEDIATELY. If we don’t do it, they are far more likely to do well in the upcoming Elections, which would mean a PACKED Supreme Court, 2 more States and 4 more Democrat Senators (D.C. and Puerto Rico), and 8 more Electoral Votes. Remember, Republicans, they are going to end the Filibuster as soon as they get the chance We know this because they already tried, and the only two people who didn’t go along are now out of office. But they have much less chance of WINNING if we have Great Policy Wins after Wins after Wins. IN FACT, THEY WILL LOSE BIG, AND FOR A VERY LONG TIME. TERMINATE THE FILIBUSTER NOW, END THE RIDICULOUS SHUTDOWN IMMEDIATELY, AND THEN, MOST IMPORTANTLY, PASS EVERY WONDERFUL REPUBLICAN POLICY THAT WE HAVE DREAMT OF, FOR YEARS, BUT NEVER GOTTEN. WE WILL BE THE PARTY THAT CANNOT BE BEATEN - THE SMART PARTY!!!",276,Iran
2025-11-05,"The United States has more Nuclear Weapons than any other country. This was accomplished, including a complete update and renovation of existing weapons, during my First Term. Because of other countries testing programs, I have instructed the Department of War to start testing our Nuclear Weapons on an equal basis.",50,Iran
2025-11-09,"“AUTOPEN” \nSleepy Joe Biden was, by far, the worst President in American History. Taking office as a result of the most corrupt Election ever seen in the United States, Biden oversaw a series of unprecedented disasters that brought our Nation to the brink of destruction. His policies caused the highest Inflation ever recorded, leading the U.S. Dollar to lose more than 20% of its value in 4 years. His Green New Scam surrendered American Energy Dominance and, by abolishing the Southern Border, Biden let 21 million people from all over the World pour into the United States, including from prisons, jails, mental institutions, and insane asylums. His surrender in Afghanistan was among the most humiliating events in American History, and resulted in the murder of 13 brave American Servicemembers, with many others gravely wounded. Seeing Biden’s devastating weakness, Russia invaded Ukraine, and Hamas terrorists launched the heinous October 7th attack on Israel. Nicknamed both “Sleepy” and “Crooked,” Joe Biden was dominated by his radical handlers. They and their allies in the Fake News Media attempted to cover up his severe mental decline, and his unprecedented use of the Autopen. Following his humiliating debate loss to President Trump in the big June 2024 debate, he was forced to withdraw from his campaign for re-election in disgrace. Biden weaponized Law Enforcement against his political opponent, while also persecuting many other innocent people. He left office issuing blanket pardons to Radical Democrat criminals and thugs, as well as members of the Biden Crime Family — But despite it all, President Trump would get Re-Elected, and SAVE AMERICA!",264,Gaza/Israel
2025-11-09,"RT @NewtGingrich The New York Post report on the Nobel Peace Prize Winner dedicating her prize to President Trump may be a bigger honor than if the Committee had given the prize directly to the President. As the Post reported “ Venezuelan opposition leader María Corina Machado on Friday said her historic Nobel Peace Prize isn’t just a victory for her embattled nation — it’s also a tribute to President Donald Trump, whose policies have “restored democracy and freedom in the Americas.”\n“I dedicated this award to the Venezuelan people and President Trump because I believe that’s absolutely fair. We, the Venezuelan people, are absolutely grateful to President Trump for the way he has supported democracy and freedom in the Americas.” Remember she is praising him for working on Venezuela while his public focus has been on Gaza and Ukraine. President Trump’s reach and ability to multitask is historic.",148,Gaza/Israel
2025-11-19,'President of peace': Trump tapped for Nobel Prize amid talks to end Russia-Ukraine war:\n https://www. foxnews.com/politics/president -peace-trump-tapped-nobel-prize-amid-talks-end-russia-ukraine-war,17,Ukraine/Russia
2025-11-20,"Jeffrey Epstein, who was charged by the Trump Justice Department in 2019 (Not the Democrats!), was a lifelong Democrat, donated Thousands of Dollars to Democrat Politicians, and was deeply associated with many well-known Democrat figures, such as Bill Clinton (who traveled on his plane 26 times), Larry Summers (who just resigned from many Boards, including Harvard), Sleazebag Political Activist Reid Hoffman, Minority Leader Hakeem Jeffries (who asked Epstein to donate to his Campaign AFTER Epstein was charged), Democrat Congresswoman Stacey Plaskett, and many more. Perhaps the truth about these Democrats, and their associations with Jeffrey Epstein, will soon be revealed, because I HAVE JUST SIGNED THE BILL TO RELEASE THE EPSTEIN FILES! As everyone knows, I asked Speaker of the House Mike Johnson, and Senate Majority Leader John Thune, to pass this Bill in the House and Senate, respectively. Because of this request, the votes were almost unanimous in favor of passage. At my direction, the Department of Justice has already turned over close to fifty thousand pages of documents to Congress. Do not forget — The Biden Administration did not turn over a SINGLE file or page related to Democrat Epstein, nor did they ever even speak about him. Democrats have used the “Epstein” issue, which affects them far more than the Republican Party, in order to try and distract from our AMAZING Victories, including THE GREAT BIG BEAUTIFUL TAX CUT BILL, Strong Borders, No Men in Women’s Sports or Transgender for Everyone, ending DEI, stopping Biden’s Record Setting Inflation, lowering Prices, Biggest Tax and Regulation Cuts in History, ending EIGHT Wars, rebuilding our Military, knocking out Iran’s Nuclear capability, getting Trillions of Dollars INVESTED in the U.S.A., creating the “HOTTEST” Country anywhere in the World, and even delivering a HUGE DEFEAT to the Democrats on the recent Shutdown Disaster. For years our Great Nation has had to endure RUSSIA, RUSSIA, RUSSIA, UKRAINE, UKRAINE, UKRAINE, IMPEACHMENT HOAX #1 , IMPEACHMENT HOAX #2 , and many other Democrat created Witch Hunts and Scams, all of which have been so terrible and divisive for our Country, and have been done to confuse, deflect, and distract from the GREAT JOB that Republicans, and the Trump Administration, are doing. This latest Hoax will backfire on the Democrats just as all of the rest have! Thank you for your attention to this matter. MAKE AMERICA GREAT AGAIN!",393,Iran
2025-12-14,"Trump's election win filled Hamas with 'fear,' hostage held like 'slave' for 505 days recounts:\n https://www. foxnews.com/politics/trumps-el ection-win-filled-hamas-fear-hostage-held-like-slave-505-days-recounts",18,Gaza/Israel
2025-12-17,"Hamas marks 38 years since its founding, cites October 7 massacre as milestone:\n https://www. jpost.com/middle-east/article- 880312",16,Gaza/Israel
2025-12-17,"RT @realDonaldTrump Hamas marks 38 years since its founding, cites October 7 massacre as milestone:\n https://www. jpost.com/middle-east/article- 880312",18,Gaza/Israel
2026-01-08,The United States of America will come to their rescue. We are locked and loaded and ready to go. Iran must stop killing peaceful protesters NOW!,30,Iran
2026-01-15,TAKE OVER YOUR INSTITUTIONS. The United States is watching. HELP IS ON ITS WAY. The Iranian regime cannot survive.,22,Iran
2026-01-20,Iran cannot have a Nuclear Weapon. Maximum pressure campaign will continue. Iran must come to the table or face severe consequences.,25,Iran
2026-01-29,Signed Executive Order reaffirming national emergency with respect to Iran. Countries that purchase goods from Iran will face additional tariffs. Maximum pressure!,28,Iran
2026-02-06,"I want Iran to be a great Country, but one that cannot have a Nuclear Weapon. Deployed massive armada to the region. Come to the table or face stronger consequences.",33,Iran
2026-02-12,Regime change in Iran would be the best thing that could happen. The Iranian people deserve freedom. The regime is weak and getting weaker every day.,30,Iran
2026-02-24,Iran has restarted its nuclear program and is developing missiles capable of striking the United States of America. This will NEVER be allowed to happen!,29,Iran
2026-02-26,Negotiations with Iran have failed. They refuse to give up nuclear weapons. The United States has been more than patient. Iran is the worlds leading state sponsor of terrorism.,32,Iran
2026-02-28,A short time ago the United States military began major combat operations in Iran. Our objective is to defend the American people by eliminating imminent threats from the Iranian regime. For 47 years Iran has chanted Death to America.,42,Iran
2026-03-02,Operation Epic Fury is proceeding exactly as planned. Irans nuclear facilities have been destroyed. Supreme Leader eliminated. The world is safer today than it was yesterday.,31,Iran
2026-03-09,We are achieving major strides toward completing our military objective. Most of Irans naval power has been sunk. We continue to target Irans drone and missile capabilities.,31,Iran
2026-03-13,Iran must remove all mines from the Strait of Hormuz IMMEDIATELY. If mines are not removed forthwith the Military consequences to Iran will be at a level never seen before.,33,Iran
2026-03-22,We are very close to meeting our objectives as we consider winding down our great Military efforts in the Middle East. Irans military capabilities have been completely destroyed.,32,Iran
2026-04-05,Iran will pay a price like no country has ever paid before if they do not open the Strait of Hormuz. Our military is ready. Do not test the United States!,34,Iran
2026-04-07,If Iran doesnt FULLY OPEN the Strait of Hormuz within 48 HOURS the United States will hit and obliterate their various POWER PLANTS STARTING WITH THE BIGGEST ONE FIRST!,33,Iran
2026-04-07,A whole civilisation will die tonight never to be brought back again. I dont want that to happen but it probably will. Open the Strait NOW or face total destruction.,34,other
